{
    "detUnsat": {
        "results": {
            "1": {
                "conf": "detUnsat",
                "randVars": {
                    "alpha": 0.46,
                    "c": 3,
                    "c_r": 3,
                    "k_s": 4.18e-7,
                    "n": 0.34,
                    "phi": 32
                },
                "z": {
                    "0.0": 1.095457587203445,
                    "0.1": 1.1616299823622254,
                    "0.2": 1.235914054813119,
                    "0.3": 1.3142193846129107,
                    "0.4": 1.3981467313517522,
                    "0.5": 1.4914392120115902,
                    "0.6": 1.5995303531557186,
                    "0.7": 1.7300615312846213,
                    "0.8": 1.8943911254712353,
                    "0.9": 2.1108213345466944,
                    "1.0": 2.4117398513524413,
                    "1.1": 2.8614389299155913,
                    "1.2": 3.6095011422279972,
                    "1.3": 5.104246958737955,
                    "1.4": 9.586723135594072
                }
            }
        }
    },
    "detSat": {
        "results": {
            "1": {
                "conf": "detSat",
                "randVars": {
                    "c": 3,
                    "c_r": 3,
                    "phi": 32
                },
                "z": {
                    "0.0": 0.7348712141310626,
                    "0.1": 0.7684846595092141,
                    "0.2": 0.8072694041763115,
                    "0.3": 0.8525182729545919,
                    "0.4": 0.9059942087834689,
                    "0.5": 0.9701653317781214,
                    "0.6": 1.0485967043271414,
                    "0.7": 1.1466359200134155,
                    "0.8": 1.272686340181483,
                    "0.9": 1.4407535670722391,
                    "1.0": 1.676047684719298,
                    "1.1": 2.0289888611898865,
                    "1.2": 2.6172241553075333,
                    "1.3": 3.7936947435428277,
                    "1.4": 7.323106508248704
                }
            }
        }
    }
}
